{
    "ret": 0.1870345857564454,
    "mtx": [
        [
            1428.2914651199305,
            0.0,
            973.2222849017327
        ],
        [
            0.0,
            1434.9525885394357,
            532.957026747926
        ],
        [
            0.0,
            0.0,
            1.0
        ]
    ],
    "dist": [
        [
            0.04784619678557182,
            -0.18927495405148986,
            -0.00037683088808403934,
            -0.0005389133216138805,
            0.18247201484719588
        ]
    ],
    "rvecs": [
        [
            [
                -0.09060116998352527
            ],
            [
                0.006602491622917884
            ],
            [
                -1.5319572839767128
            ]
        ],
        [
            [
                -0.18377375379046504
            ],
            [
                0.18559700264681425
            ],
            [
                1.0782256552043081
            ]
        ],
        [
            [
                -0.18221081826959207
            ],
            [
                0.14539255658896738
            ],
            [
                1.4893411674156047
            ]
        ],
        [
            [
                0.48652920856786563
            ],
            [
                -0.18114709058536452
            ],
            [
                1.1550001998420032
            ]
        ],
        [
            [
                0.32812926681675963
            ],
            [
                0.05670628922658765
            ],
            [
                1.365116174499588
            ]
        ],
        [
            [
                0.003150516734005399
            ],
            [
                -0.19481574527849474
            ],
            [
                1.2695422315345206
            ]
        ],
        [
            [
                0.09040460954265869
            ],
            [
                0.21313202817877325
            ],
            [
                1.5378234811729274
            ]
        ],
        [
            [
                0.14820400660350563
            ],
            [
                0.09082492249212944
            ],
            [
                1.3854971381069898
            ]
        ],
        [
            [
                0.24657860845122131
            ],
            [
                0.19329912105362654
            ],
            [
                1.5057359208006802
            ]
        ]
    ],
    "tvecs": [
        [
            [
                6.549839361530165
            ],
            [
                -0.22434049745167772
            ],
            [
                19.55452188160998
            ]
        ],
        [
            [
                -3.5441707618495206
            ],
            [
                -2.0300161047784346
            ],
            [
                21.72704271079695
            ]
        ],
        [
            [
                2.5062518392039554
            ],
            [
                -1.6793188940411052
            ],
            [
                25.11887786185975
            ]
        ],
        [
            [
                -3.501470736866593
            ],
            [
                -1.9350775549321806
            ],
            [
                14.592444027205154
            ]
        ],
        [
            [
                -5.84798641052065
            ],
            [
                0.780283861899094
            ],
            [
                19.88406769132893
            ]
        ],
        [
            [
                6.85309788086014
            ],
            [
                -0.5674351060483509
            ],
            [
                17.946282698369437
            ]
        ],
        [
            [
                7.854596535374158
            ],
            [
                -0.4235015737190885
            ],
            [
                21.549191819617047
            ]
        ],
        [
            [
                -3.2527830497459833
            ],
            [
                -4.429997207768939
            ],
            [
                22.351064768943164
            ]
        ],
        [
            [
                3.753233014812936
            ],
            [
                -5.333883711776096
            ],
            [
                19.557614570541485
            ]
        ]
    ]
}