{
    "ret": 0.6841224919758022,
    "mtx": [
        [
            1498.2943261815058,
            0.0,
            903.6671860345529
        ],
        [
            0.0,
            1501.7568573191386,
            513.7672348747467
        ],
        [
            0.0,
            0.0,
            1.0
        ]
    ],
    "dist": [
        [
            0.09492613092606804,
            -0.3377604398812098,
            -0.0026711497705015834,
            -0.011643106222560705,
            0.4192611789179273
        ]
    ],
    "rvecs": [
        [
            [
                0.06890477753672283
            ],
            [
                0.23680168112917993
            ],
            [
                -0.4402182404788065
            ]
        ],
        [
            [
                0.8690549705388343
            ],
            [
                -0.23109096622583924
            ],
            [
                -0.5552991202863911
            ]
        ],
        [
            [
                -0.42373927329895267
            ],
            [
                0.3324178761458153
            ],
            [
                -0.5406214038618262
            ]
        ],
        [
            [
                0.2571802084985897
            ],
            [
                0.07552759399506719
            ],
            [
                0.21575920580998006
            ]
        ],
        [
            [
                0.22724950931704987
            ],
            [
                -0.04054525528977506
            ],
            [
                -0.16273661531288255
            ]
        ],
        [
            [
                -0.47217586842435233
            ],
            [
                0.2029553055302869
            ],
            [
                0.4291261179808141
            ]
        ],
        [
            [
                0.07339478557330269
            ],
            [
                0.14319032894247372
            ],
            [
                -0.5427274938785381
            ]
        ],
        [
            [
                0.23058423564948097
            ],
            [
                0.1036632262959458
            ],
            [
                0.2554810185284629
            ]
        ],
        [
            [
                -0.5182663557490542
            ],
            [
                0.19813407439789096
            ],
            [
                0.2991660046321317
            ]
        ],
        [
            [
                0.7674637600208049
            ],
            [
                -0.20270991526819243
            ],
            [
                -0.5773803244688449
            ]
        ],
        [
            [
                0.054018710188230484
            ],
            [
                0.28302612201083
            ],
            [
                -0.5573696243699229
            ]
        ],
        [
            [
                0.37498854932750814
            ],
            [
                1.2903331362344692
            ],
            [
                0.355423338630911
            ]
        ],
        [
            [
                -0.0666221267795455
            ],
            [
                0.23268139078074457
            ],
            [
                -0.7518144537349573
            ]
        ],
        [
            [
                0.06291522712974548
            ],
            [
                0.25648053189913667
            ],
            [
                -0.7741054489154512
            ]
        ],
        [
            [
                -0.6433305158295457
            ],
            [
                0.22095482507099765
            ],
            [
                0.13487538624529596
            ]
        ],
        [
            [
                0.18994765408717845
            ],
            [
                0.0700042149241085
            ],
            [
                0.011675363165607565
            ]
        ],
        [
            [
                0.38473253678311103
            ],
            [
                1.254031709624669
            ],
            [
                0.3823075862364957
            ]
        ]
    ],
    "tvecs": [
        [
            [
                -15.872766203043335
            ],
            [
                -4.415184969046496
            ],
            [
                32.61984833817038
            ]
        ],
        [
            [
                -11.07344601334582
            ],
            [
                2.2460078999415067
            ],
            [
                28.205348864663268
            ]
        ],
        [
            [
                -14.26157732381293
            ],
            [
                -2.2970665705735915
            ],
            [
                38.4957249693968
            ]
        ],
        [
            [
                3.1165614993571014
            ],
            [
                -6.796033803562366
            ],
            [
                29.39092897105347
            ]
        ],
        [
            [
                -8.95548716718793
            ],
            [
                -5.613591654423782
            ],
            [
                30.180832475944413
            ]
        ],
        [
            [
                8.777279531603964
            ],
            [
                -10.066857138230072
            ],
            [
                34.797673469625074
            ]
        ],
        [
            [
                -12.517793130775573
            ],
            [
                3.2735623192750185
            ],
            [
                35.097075840692284
            ]
        ],
        [
            [
                9.40590573325517
            ],
            [
                2.795932676487273
            ],
            [
                29.780527383205893
            ]
        ],
        [
            [
                8.50904326362218
            ],
            [
                -4.426603929885585
            ],
            [
                29.706173621288425
            ]
        ],
        [
            [
                -14.507696535940717
            ],
            [
                -1.0393738020910295
            ],
            [
                28.38221609922972
            ]
        ],
        [
            [
                -17.00644446435975
            ],
            [
                -2.544864684874807
            ],
            [
                34.271368446098165
            ]
        ],
        [
            [
                12.399715107711339
            ],
            [
                -3.7888180957458695
            ],
            [
                34.69766443206161
            ]
        ],
        [
            [
                -14.614444289675037
            ],
            [
                0.16025741243
            ],
            [
                36.03499776896419
            ]
        ],
        [
            [
                -16.961361672082766
            ],
            [
                4.299985496487451
            ],
            [
                36.66865521020365
            ]
        ],
        [
            [
                8.468623033750351
            ],
            [
                2.4725556987428012
            ],
            [
                32.947954545347635
            ]
        ],
        [
            [
                -0.018926698749747665
            ],
            [
                2.4270650217482466
            ],
            [
                32.15382192977736
            ]
        ],
        [
            [
                11.07600083466616
            ],
            [
                -7.438762743911886
            ],
            [
                32.31458976559563
            ]
        ]
    ]
}